https://www.homedepot.com,https://www.homedepot.com/b/Electrical-Renewable-Energy-EV-Chargers/N-5yc1vZc3gj
https://chargehub.com,https://chargehub.com/en/electric-car-charging-guide.html
https://www.amazon.com,https://www.amazon.com/Best-Sellers-Automotive-Electric-Vehicle-Charging-Stations/zgbs/automotive/7427415011
https://www.energy.gov,https://www.energy.gov/eere/electricvehicles/charging-home
https://www.evgo.com,https://www.evgo.com/
https://www.chargepoint.com,https://www.chargepoint.com/
https://www.whitehouse.gov,https://www.whitehouse.gov/briefing-room/statements-releases/2021/04/22/fact-sheet-biden-administration-advances-electric-vehicle-charging-infrastructure/
https://electrek.co,https://electrek.co/2021/03/05/electric-vehicle-ev-charging-standards-and-how-they-differ/
https://www.caranddriver.com,https://www.caranddriver.com/shopping-advice/a32600212/ev-charging-time/
https://www.consumerreports.org,https://www.consumerreports.org/hybrids-evs/how-to-charge-electric-car-at-home/
https://newmotion.com,https://newmotion.com/en
https://www.kbb.com,https://www.kbb.com/car-news/how-much-does-it-cost-to-charge-an-ev/
https://insideevs.com,https://insideevs.com/features/405247/electric-vehicle-charging-basics/
https://www.zap-map.com,https://www.zap-map.com/charge-points/
https://www.greencarreports.com,https://www.greencarreports.com/news/1098401_electric-car-charging-the-basics-you-need-to-know
https://en.wikipedia.org,https://en.wikipedia.org/wiki/Charging_station
https://www.octopusev.com,https://www.octopusev.com/charging
https://www.forbes.com,https://www.forbes.com/sites/bradtempleton/2021/01/25/can-electric-car-charging-be-a-business/
https://www.slashgear.com,https://www.slashgear.com/ev-charging-explained-the-fastest-chargers-at-home-and-on-the-road-26665663/
https://www.plugshare.com,https://www.plugshare.com/
https://www.gmc.com,https://www.gmc.com/electric/hummer-ev/insider/electric-vehicle-charging
https://www.evgo.com,https://www.evgo.com/find-a-charger/
https://new.abb.com,https://new.abb.com/ev-charging
https://evchargingmag.com,https://evchargingmag.com/
https://www.shell.com,https://www.shell.com/energy-and-innovation/new-energies/electric-vehicle-charging.html
https://www.theverge.com,https://www.theverge.com/2021/4/28/22407789/gm-ev-charging-general-motors-ultium-charge-360
https://www.theverge.com,https://www.theverge.com/22419150/ev-charging-us-joe-biden-infrastructure-plan
https://www.ucsusa.org,https://www.ucsusa.org/resources/electric-vehicle-charging-types-time-cost-and-savings
https://www.nrdc.org,https://www.nrdc.org/experts/patricia-valderrama/electric-vehicle-charging-101
https://pluginamerica.org,https://pluginamerica.org/understanding-electric-vehicle-charging/
https://insideevs.com,https://insideevs.com/news/348050/electric-vehicle-charging-guide/
www.sce.com,http://www.sce.com/residential/electric-vehicles/charging-ev
https://ampup.io,https://ampup.io/
https://evcompare.io,https://evcompare.io/charging-calculator/
https://chargehub.com,https://chargehub.com/en/charging-stations-map.html
https://www.energysage.com,https://www.energysage.com/energy-products/ev-charging-stations/
https://blinkcharging.com,https://blinkcharging.com/
https://www.evsolutions.com,https://www.evsolutions.com/
https://electrek.co,https://electrek.co/2021/04/06/the-best-and-worst-us-states-for-ev-charging/
https://semaconnect.com,https://semaconnect.com/
https://www.abm.com,https://www.abm.com/services/ev-charging/
https://www.energysage.com,https://www.energysage.com/electric-vehicles/charging-your-ev/
https://www.greencarreports.com,https://www.greencarreports.com/news/1100526_how-to-wire-a-new-garage-for-electric-car-charging-what-you-need-to-know
https://evcharging.enelx.com,https://evcharging.enelx.com/eu/about/news/blog/552-ev-charging-connector-types
https://investorplace.com,https://investorplace.com/2020/12/ev-charging-station-stocks-to-buy-for-2021-sbe-blnk-nbac/
https://www.ohme-ev.com,https://www.ohme-ev.com/
https://www.allaboutcircuits.com,https://www.allaboutcircuits.com/technical-articles/four-ev-charging-modes-iec61851-standard/
https://www.whatcar.com,https://www.whatcar.com/news/electric-car-charging-the-best-home-charging-solutions/n21685
https://cleantechnica.com,https://cleantechnica.com/2021/03/23/setting-up-home-electric-car-charging-on-a-budget/
https://www.chevrolet.com,https://www.chevrolet.com/electric/living-electric
https://www.zap-map.com,https://www.zap-map.com/charge-points/connectors-speeds/
https://www.jdpower.com,https://www.jdpower.com/Cars/Shopping-Guides/how-does-ev-charging-work
https://www.tatapower.com,https://www.tatapower.com/products-and-services/ev-charging-solutions.aspx
https://www.plugincars.com,https://www.plugincars.com/ultimate-guide-electric-car-charging-networks-126530.html
https://www.expedia.com,https://www.expedia.com/lp/hotels-with-electric-vehicle-charging
https://business.ca.gov,https://business.ca.gov/industries/zero-emission-vehicles/plug-in-readiness/permitting-electric-vehicle-charging-stations-best-practices/
https://www.caranddriver.com,https://www.caranddriver.com/news/a35044132/plug-and-charge-ev-charging-mustang-mach-e/
https://investorplace.com,https://investorplace.com/2021/04/biden-plans-national-ev-charging-system/
https://www.barrons.com,https://www.barrons.com/articles/4-electric-vehicle-charging-stocks-at-fire-sale-prices-51618619555
https://www.forbes.com,https://www.forbes.com/sites/bradtempleton/2020/07/09/the-future-of-ev-charging-may-be-at-50kw-not-the-gasoline-thinking-of-250kw/
https://roboticsandautomationnews.com,https://roboticsandautomationnews.com/2019/05/01/top-20-electric-vehicle-charging-station-companies/22138/
https://www.amazon.com,https://www.amazon.com/Ford-EV-Charging-Station/s?k=Ford+EV+Charging+Station
https://afdc.energy.gov,https://afdc.energy.gov/fuels/electricity_locations.html
https://na.chargepoint.com,https://na.chargepoint.com/charge_point
https://www.chargepoint.com,https://www.chargepoint.com/blog/charging-chevy-bolt-ev-everything-you-need-know/
https://evcharging.enelx.com,https://evcharging.enelx.com/products/juicebox
https://www.arrow.com,https://www.arrow.com/en/research-and-events/events/ev-charging-webinar-series
https://www.rolecserv.com,https://www.rolecserv.com/ev-charging
https://www.fool.com,https://www.fool.com/investing/2021/02/20/1-electric-vehicle-charging-stock-to-buy-and-1-to/
https://www.evhomecharging.gov.hk,https://www.evhomecharging.gov.hk/en
https://www.techrepublic.com,https://www.techrepublic.com/article/general-motors-and-7-ev-charging-networks-are-trying-to-solve-the-biggest-challenge-to-electric-car-adoption/
https://bpchargemaster.com,https://bpchargemaster.com/
https://markets.businessinsider.com,https://markets.businessinsider.com/news/stocks/ev-charging-cables-market-worth-3-173-million-by-2027-exclusive-report-by-marketsandmarkets-1030408215?op=1
https://ev-ch.com,https://ev-ch.com/
https://goelectric.oregon.gov,https://goelectric.oregon.gov/charge-your-ev
https://rmi.org,https://rmi.org/electric-vehicle-charging-for-dummies/
https://calevip.org,https://calevip.org/electric-vehicle-charging-101
https://www.pwc.com,https://www.pwc.com/us/en/industries/industrial-products/library/electric-vehicles-charging-infrastructure.html
https://www.cnbc.com,https://www.cnbc.com/2021/03/31/us-ev-charging-system-a-priority-under-bidens-2-trillion-infrastructure-plan.html
https://www.enelx.com,https://www.enelx.com/n-a/en/for-businesses/products/electric-vehicle-charging
https://semaconnect.com,https://semaconnect.com/blog/ev-charging-speeds-charging-levels-and-charging-stations-whats-the-difference/
https://techcrunch.com,https://techcrunch.com/2021/04/28/gm-partners-with-7-charging-networks-ahead-of-new-electric-vehicles/
https://www.marriott.com,https://www.marriott.com/corporate-social-responsibility/electric-vehicle-hotels.mi
https://www.marketwatch.com,https://www.marketwatch.com/story/former-google-energy-head-has-her-sights-on-filling-multi-trillion-dollar-gap-in-ev-charging-network-11620345448
https://www.seattle.gov,https://www.seattle.gov/transportation/projects-and-programs/programs/new-mobility-program/electric-vehicle-charging-in-the-public-right-of-way
https://www.efficiencymaine.com,https://www.efficiencymaine.com/ev/
https://www.homechargingstations.com,https://www.homechargingstations.com/ev-charging-time-calculator/
https://cleanfuelreward.com,https://cleanfuelreward.com/why-buy-electric-vehicle/ev-charging
https://www.techrepublic.com,https://www.techrepublic.com/article/the-challenges-of-ev-charging-10-things-to-know/
https://www.nasdaq.com,https://www.nasdaq.com/articles/is-chargepoint-chpt-the-best-ev-charging-stock-to-buy-right-now-2021-04-01
https://www.driveelectricvt.com,https://www.driveelectricvt.com/charging-stations/public-charging-map
https://www.ventureradar.com,https://www.ventureradar.com/keyword/EV%20Charging
https://www.kioskmarketplace.com,https://www.kioskmarketplace.com/articles/ev-charging-station-expansion-continues-during-pandemic/
https://www.autoweek.com,https://www.autoweek.com/news/green-cars/a33025045/these-are-the-obstacles-still-facing-ev-charging/
https://www.ergon.com.au,https://www.ergon.com.au/network/smarter-energy/electric-vehicles/charging-your-electric-vehicle
https://www.esri.com,https://www.esri.com/about/newsroom/publications/wherenext/ev-charging-infrastructure/
https://evcharging.enelx.com,https://evcharging.enelx.com/resources/federal-and-state-electric-vehicle-incentives
https://www.power-sonic.com,https://www.power-sonic.com/energy-storage-solutions/electric-vehicle-charging-solutions/
https://www.evcharge.total,https://www.evcharge.total/
https://www.fool.com,https://www.fool.com/investing/2021/05/05/who-has-the-real-power-in-gms-charging-network/
https://driveclean.ca.gov,https://driveclean.ca.gov/electric-car-charging
https://www.bloomberg.com,https://www.bloomberg.com/news/articles/2021-03-23/ev-charging-data-shows-a-widely-divergent-global-path
https://www.ameren.com,https://www.ameren.com/-/media/missouri-site/files/environment/ev/charging-guide.pdf?la=en-us-mo&hash=21B0C5FC766AEED6449CC7F7480E04FC8C718F8A
https://pod-point.com,https://pod-point.com/guides/driver/ev-connector-types-speed
https://www.marketwatch.com,https://www.marketwatch.com/story/blink-charging-adds-more-than-7000-ev-charging-ports-in-europe-through-purchase-of-blue-corner-2021-05-11
https://markets.businessinsider.com,https://markets.businessinsider.com/news/stocks/blink-charging-acquires-blue-corner-expanding-european-ev-charging-footprint-1030415371?op=1
https://greenlots.com,https://greenlots.com/ev-charging-incentives/
https://www.cnet.com,https://www.cnet.com/roadshow/news/biden-infrastructure-plan-ev-rebates-charging-stations/
https://www.ohmhomenow.com,https://www.ohmhomenow.com/electric-vehicles/ev-charging-station-cost/
https://grist.org,https://grist.org/energy/biden-wants-to-build-500000-ev-charging-stations-where-will-they-all-go/
https://www.mp2energy.com,https://www.mp2energy.com/residential-electric-vehicle/
https://www.edmunds.com,https://www.edmunds.com/car-news/ev-charging-comparison-tesla-vs-ford-vs-volkswagen.html
https://markets.businessinsider.com,https://markets.businessinsider.com/news/stocks/ev-charging-cables-market-worth-3-173-million-by-2027-exclusive-report-by-marketsandmarkets-1030408218?op=1
https://mashable.com,https://mashable.com/article/biden-electric-vehicle-charging-adoption/
https://www.ema.gov.sg,https://www.ema.gov.sg/Electric_Vehicle_Charging_Systems.aspx
https://exchange.aaa.com,https://exchange.aaa.com/automotive/automotive-trends/electric-vehicle-charging/
https://finance.yahoo.com,https://finance.yahoo.com/news/electric-vehicle-ev-charging-station-020000177.html
https://www.tesla.com,https://www.tesla.com/charging
https://www.pluglesspower.com,https://www.pluglesspower.com/
https://muchneeded.com,https://muchneeded.com/best-electric-vehicle-charging-stations/
https://www.cnet.com,https://www.cnet.com/roadshow/news/electric-car-charging-101-chargers-explained/
https://evadoption.com,https://evadoption.com/ev-charging-stations-statistics/charging-stations-by-state/
https://www.mckinsey.com,https://www.mckinsey.com/industries/automotive-and-assembly/our-insights/charging-ahead-electric-vehicle-infrastructure-demand
https://www.energystar.gov,https://www.energystar.gov/products/other/ev_chargers
https://greenlots.com,https://greenlots.com/products/ev-charging/
https://www.tesla.com,https://www.tesla.com/destination-charging
https://en.wikipedia.org,https://en.wikipedia.org/wiki/Electric_car_charging_methods
https://www.edmunds.com,https://www.edmunds.com/fuel-economy/the-true-cost-of-powering-an-electric-car.html
https://www.grandviewresearch.com,https://www.grandviewresearch.com/industry-analysis/electric-vehicle-charger-and-charging-station-market
https://www.ampeco.global,https://www.ampeco.global/ev-charging-platform/
https://www.fixr.com,https://www.fixr.com/costs/home-electric-vehicle-charging-station
https://www.nasdaq.com,https://www.nasdaq.com/articles/how-can-these-fast-charging-ev-stocks-potentially-bring-massive-gains-to-your-portfolio
https://waveipt.com,https://waveipt.com/
https://www.mass.gov,https://www.mass.gov/service-details/electric-vehicle-charging-information
https://ltp.umich.edu,https://ltp.umich.edu/transportation-alternatives/electric-vehicle-charging/
https://www.driveelectricvt.com,https://www.driveelectricvt.com/Media/Default/docs/electric-vehicle-charging-station-guidebook.pdf
https://www.homeadvisor.com,https://www.homeadvisor.com/cost/garages/install-an-electric-vehicle-charging-station/
https://www.cnbc.com,https://www.cnbc.com/2021/02/16/ev-charging-solar-panels-how-tech-is-changing-the-homes-we-live-in.html
https://www.cspdailynews.com,https://www.cspdailynews.com/fuels/ev-charging-live-ampm-store
https://www.chargelab.co,https://www.chargelab.co/
https://medium.com,https://medium.com/@blockchainfirst/the-first-multipurpose-blockchain-enabled-ev-charging-station-d8265c1bcb38
https://thenextweb.com,https://thenextweb.com/news/france-chademo-ccs-charging-au-revoir
https://electricvehiclecouncil.com.au,https://electricvehiclecouncil.com.au/about-ev/charger-map/
https://techcrunch.com,https://techcrunch.com/2020/09/24/ev-charging-network-chargepoint-to-go-public-via-spac/
https://www.industryweek.com,https://www.industryweek.com/technology-and-iiot/article/21163935/ev-charging-giant-opening-hq-in-atlanta
https://new.abb.com,https://new.abb.com/ev-charging/terra-ac-wallbox
https://blinkcharging.com,https://blinkcharging.com/drivers/blink-map/
https://www.peninsulacleanenergy.com,https://www.peninsulacleanenergy.com/ev-ready/
https://www.nyserda.ny.gov,https://www.nyserda.ny.gov/All-Programs/Programs/ChargeNY/Charge-Electric/Charging-Station-Programs
https://deltaelectronicsindia.com,https://deltaelectronicsindia.com/energy-infrastructure/ev-charging/
https://www.dbusiness.com,https://www.dbusiness.com/daily-news/dbusiness-daily-update-state-announces-1-8m-in-grants-for-ev-charging-stations-ann-arbor-kroger-store-finishes-3-5m-renovation-and-more/
https://www.novacharge.net,https://www.novacharge.net/
https://new.siemens.com,https://new.siemens.com/global/en/products/energy/low-voltage/components/electric-vehicle--ev--charging.html
https://www.gm.com,https://www.gm.com/our-stories/commitment/at-home-charging-stations-EVs.html
https://www.businessinsider.com,https://www.businessinsider.com/fast-charging-electric-car-battery-5-minutes-2021-1?op=1
https://www.gsa.gov,https://www.gsa.gov/buying-selling/products-services/transportation-logistics-services/fleet-management/vehicle-leasing/alternative-fuel-vehicles/electric-vehicle-charging-stations
https://www.plugshare.com,https://www.plugshare.com/en
https://www.myev.com,https://www.myev.com/research/interesting-finds/is-dc-fast-charging-bad-for-your-electric-car
https://ev.xcelenergy.com,https://ev.xcelenergy.com/
https://eccharging.com,https://eccharging.com/
https://www.sciencedirect.com,https://www.sciencedirect.com/science/article/pii/S0360544217303730
https://www.fleetcarma.com,https://www.fleetcarma.com/
https://www.chargeway.net,https://www.chargeway.net/
https://teslatap.com,https://teslatap.com/articles/home-charging-wiring-guide/
https://www.statista.com,https://www.statista.com/statistics/416750/number-of-electric-vehicle-charging-stations-outlets-united-states/
https://enrg.io,https://enrg.io/designing-garage-space-for-electric-car-charging/
https://www.st.com,https://www.st.com/en/applications/electro-mobility/ev-charging.html
https://cleantechnica.com,https://cleantechnica.com/2019/02/16/technical-design-guidelines-for-ev-charging-infrastructure-cleantechnica-report/
https://finance.yahoo.com,https://finance.yahoo.com/news/transformation-electric-vehicle-charging-technologies-092300263.html
https://pluginamerica.org,https://pluginamerica.org/get-equipped/find-an-ev-charging-station/
https://www.omgevcable.com,https://www.omgevcable.com/
https://www.digitaltrends.com,https://www.digitaltrends.com/cars/best-ev-charging-stations/
https://www.businessinsider.com,https://www.businessinsider.com/jeep-ev-charging-stations-off-roading-trails-4xe-2021-3?op=1
https://www.investortrip.com,https://www.investortrip.com/ev-charging-station-stocks/
https://www.globenewswire.com,https://www.globenewswire.com/news-release/2021/05/06/2224232/28124/en/Global-Wireless-Electric-Vehicle-EV-Charging-Systems-DWCS-SWCS-Market-Report-2021-2027-Rising-Demand-for-Electric-Vehicle-EV-Fast-Charging-infrastructure.html
www.aqmd.gov,http://www.aqmd.gov/home/programs/community/community-detail?title=ev-charging-incentive
https://electrical.theiet.org,https://electrical.theiet.org/bs-7671/faqs/electric-vehicle-charging-installations-faqs/
https://www.noodoe.com,https://www.noodoe.com/
https://evobsession.com,https://evobsession.com/electric-car-charging-101-types-of-charging-apps-more/
https://www.ttnews.com,https://www.ttnews.com/articles/rivian-plans-ev-charging-network
https://www.kia.com,https://www.kia.com/uk/electric-hybrid-cars/electric-car-charging/
https://www.jdpower.com,https://www.jdpower.com/cars/shopping-guides/how-to-install-an-electric-car-charging-station
https://www.evconnect.com,https://www.evconnect.com/
https://www.reuters.com,https://www.reuters.com/article/us-fundraising-charge-amps-idUSKBN2BB0IQ
https://greenmountainpower.com,https://greenmountainpower.com/rebates-programs/electric-vehicles/ev-charging-rates/
https://www.cpuc.ca.gov,https://www.cpuc.ca.gov/zev/
https://www1.nyc.gov,https://www1.nyc.gov/site/sustainability/our-programs/ev-charging.page
https://cobbemc.com,https://cobbemc.com/content/ev-charging-business
https://www.aepohio.com,https://www.aepohio.com/clean-energy/electric-cars/business/ev-charging
https://www.carwow.co.uk,https://www.carwow.co.uk/electric-cars/charging-points
https://www.researchdive.com,https://www.researchdive.com/94/ev-charging-cable-market
https://batteryuniversity.com,https://batteryuniversity.com/learn/article/bu_1004_charging_an_electric_vehicle
https://www.alliedmarketresearch.com,https://www.alliedmarketresearch.com/wireless-electric-vehicle-charging-market
https://muchneeded.com,https://muchneeded.com/electric-vehicle-charging-network-statistics/
https://www.cspdailynews.com,https://www.cspdailynews.com/fuels/getgo-gets-ev-charging
https://fox2now.com,https://fox2now.com/news/new-ev-charging-station-signs-to-appear-along-illinois-interstates-soon/
https://chargeplacescotland.org,https://chargeplacescotland.org/
https://evreporter.com,https://evreporter.com/ev-charging-solution-providers-in-india/
https://inc42.com,https://inc42.com/features/the-math-behind-indias-electric-vehicle-charging-infrastructure/
https://www.montgomerycountymd.gov,https://www.montgomerycountymd.gov/DPS/Resources/Files/RCI/EV_Charging_Guidelines.pdf
https://www.bizjournals.com,https://www.bizjournals.com/pacific/news/2021/05/05/ev-charging-station-rebate-bill-passes.html
https://tools.greencars.com,https://tools.greencars.com/charging/
https://chargehub.com,https://chargehub.com/en/charging-stations-map.html
https://www.plugshare.com,https://www.plugshare.com/map/free-ev-stations
https://evtripmap.com,https://evtripmap.com/
https://chargehub.com,https://chargehub.com/en/trip-planner-guide.html
https://www.electrifyamerica.com,https://www.electrifyamerica.com/locate-charger/
https://afdc.energy.gov,https://afdc.energy.gov/data/10366
https://chargemap.com,https://chargemap.com/
https://www.zap-map.com,https://www.zap-map.com/route-planner/
https://chargemap.com,https://chargemap.com/map
https://www.geckoandfly.com,https://www.geckoandfly.com/34308/ev-charging-stations/
https://business.ca.gov,https://business.ca.gov/industries/zero-emission-vehicles/plug-in-readiness/
https://www.apexsolarpower.com,https://www.apexsolarpower.com/evmap
https://www.tesla.com,https://www.tesla.com/trips
https://www.zap-map.com,https://www.zap-map.com/live/
https://www.zap-map.com,https://www.zap-map.com/
https://www.energyhub.org,https://www.energyhub.org/ev-map-canada/
https://afdc.energy.gov,https://afdc.energy.gov/fuels/electricity_locations.html
https://greenlots.com,https://greenlots.com/ev-drivers/
https://www.plugshare.com,https://www.plugshare.com/trip-planner.html
https://cleanvehiclerebate.org,https://cleanvehiclerebate.org/eng/ev-charging-station-map
https://www.homechargingstations.com,https://www.homechargingstations.com/map-nearest-ev-charging-stations/
https://ev.xcelenergy.com,https://ev.xcelenergy.com/charging-stations/
https://www.plugshare.com,https://www.plugshare.com/map/evgo
https://www.idownloadblog.com,https://www.idownloadblog.com/2020/09/30/apple-maps-electric-vehicle-routing-tutorial/
https://docs.microsoft.com,https://docs.microsoft.com/en-us/azure/azure-maps/tutorial-ev-routing
https://www.ford.com,https://www.ford.com/buy-site-wide-content/overlays/mach-e-overlays/public-charging/
https://www.nissanusa.com,https://www.nissanusa.com/connect/features-apps/ev-charging-station-map-update.html
https://mashable.com,https://mashable.com/article/google-maps-ev-route-planning/
https://lifehacker.com,https://lifehacker.com/how-to-find-ev-charging-stations-using-google-maps-1829884348
https://www.transport.nsw.gov.au,https://www.transport.nsw.gov.au/projects/electric-vehicles/charging-an-electric-vehicle/charging-map
https://www.pocket-lint.com,https://www.pocket-lint.com/apps/news/google/147837-how-to-find-electric-car-charging-stations-google-maps
https://www.finder.com,https://www.finder.com/tesla-superchargers-map
maps.dft.gov.uk,http://maps.dft.gov.uk/ev-charging-map/
https://www.nyserda.ny.gov,https://www.nyserda.ny.gov/All-Programs/Programs/Drive-Clean-Rebate/Charging-Options/Electric-Vehicle-Station-Locator
https://www.evtripplanner.com,https://www.evtripplanner.com/planner/2-8/
https://chargehub.com,https://chargehub.com/en/countries/united-states/pennsylvania/pittsburgh.html
https://austinenergy.com,https://austinenergy.com/ae/green-power/plug-in-austin/charging-station-map
https://www.goultralow.com,https://www.goultralow.com/ev-charging-point-map/
https://chargehub.com,https://chargehub.com/en/countries/canada/alberta.html
https://evstationslocal.com,https://evstationslocal.com/states/nevada/reno/
https://www.chargepoint.com,https://www.chargepoint.com/products/network/
https://www.google.com,https://www.google.com/mymaps/viewer?mid=1kL58mT7LHJq5_deatarHV5O8UWU
https://chargehub.com,https://chargehub.com/en/countries/united-states/oregon/portland.html
https://voltacharging.com,https://voltacharging.com/drivers/
https://www.rac.co.uk,https://www.rac.co.uk/drive/news/motoring-news/revealed-uks-top-ranking-electric-vehicle-charging-networks/
https://www.fleetcarma.com,https://www.fleetcarma.com/top-apps-websites-find-ev-charging-stations/
https://evstationslocal.com,https://evstationslocal.com/states/wisconsin/
https://play.google.com,https://play.google.com/store/apps/details?id=com.xatori.Plugshare&hl=en&gl=US
https://support.google.com,https://support.google.com/maps/answer/9773205?hl=en-GB
https://www.drivingelectric.com,https://www.drivingelectric.com/your-questions-answered/872/electric-car-charging-points-near-me-uk-map-and-network-guide
https://lifehacker.com,https://lifehacker.com/how-to-find-a-compatible-electric-car-charging-station-1840461143
https://www.blog.google,https://www.blog.google/products/maps/finding-place-charge-your-ev-easy-google-maps/
https://www.theverge.com,https://www.theverge.com/2019/12/16/21023979/google-maps-ev-charger-plug-chademo-ccs-tesla-search-filter
https://evsolutions.engie.co.uk,https://evsolutions.engie.co.uk/drivers/chargers-map/
https://www.edfenergy.com,https://www.edfenergy.com/electric-cars/charging-points
https://www.chargeway.net,https://www.chargeway.net/mobile-app/
https://www.westernpower.co.uk,https://www.westernpower.co.uk/smarter-networks/electric-vehicles/ev-capacity-map
www.houstontx.gov,http://www.houstontx.gov/fleet/ev/findastation.html
https://www.theaa.com,https://www.theaa.com/european-breakdown-cover/driving-in-europe/charging-around-europe-in-an-electric-vehicle
https://eu.chargepoint.com,https://eu.chargepoint.com/charge_point
https://tools.greencars.com,https://tools.greencars.com/
https://ev.dteenergy.com,https://ev.dteenergy.com/charging-stations/
https://electrek.co,https://electrek.co/2020/06/22/apple-adds-electric-car-charge-routing-to-maps-in-ios-14-for-bmw-ford-and-other-evs/
https://www.electrifyamerica.com,https://www.electrifyamerica.com/
https://www.nyserda.ny.gov,https://www.nyserda.ny.gov/All-Programs/Programs/ChargeNY/Support-Electric/Map-of-EV-Registrations
www.cleanfuelconnection.com,http://www.cleanfuelconnection.com/northern-california-ev-charger-location-map.html
https://driveelectric.org.nz,https://driveelectric.org.nz/chargers-map/
https://rivian.com,https://rivian.com/support/charging
https://www.caranddriver.com,https://www.caranddriver.com/news/a30031153/ev-charging-guide/
https://www.theverge.com,https://www.theverge.com/2021/1/27/22252261/google-maps-electric-vehicle-charging-station-ai
https://www.google.com,https://www.google.com/mymaps/viewer?mid=1oJPuEg2vRj8x23WG_QEO1dxC5GA
https://evstationslocal.com,https://evstationslocal.com/states/virginia/richmond/
https://www.greencarreports.com,https://www.greencarreports.com/news/1119429_google-maps-adds-electric-car-charging-locations
https://evstationslocal.com,https://evstationslocal.com/states/oklahoma/oklahoma-city/
https://www.here.com,https://www.here.com/platform/automotive-services/ev-charging-points
https://www.tesla.com,https://www.tesla.com/findus
https://evstationslocal.com,https://evstationslocal.com/states/florida/tampa/
https://electricvehicles.bchydro.com,https://electricvehicles.bchydro.com/charge/public-charging/our-fast-charging-network
https://www.ecarni.com,https://www.ecarni.com/charge-point-map
https://apps.apple.com,https://apps.apple.com/us/app/chargehub-ev-map/id548640732
https://afdc.energy.gov,https://afdc.energy.gov/fuels/electricity_stations.html
https://www.nps.gov,https://www.nps.gov/articles/evcharging.htm
https://www.virta.global,https://www.virta.global/
https://blinkcharging.com,https://blinkcharging.com/drivers/ev-drivers/
https://mashable.com,https://mashable.com/article/carplay-carkey-ev-apple-maps-wwdc-2020/
https://www.dgs.ca.gov,https://www.dgs.ca.gov/OFAM/Resources/Page-Content/Office-of-Fleet-and-Asset-Management-Resources-List-Folder/State-Electric-Vehicle-Charging-Guide
https://www.hawaiianelectric.com,https://www.hawaiianelectric.com/products-and-services/electric-vehicles/fast-charging/fast-charging-locations
https://www.forbes.com,https://www.forbes.com/sites/jamesmorris/2021/05/01/electric-vehicle-charging-is-it-really-such-a-big-problem/
https://www.cityofsacramento.org,https://www.cityofsacramento.org/Public-Works/Electric-Vehicle-Initiatives/EV-Charging-Locations
https://www.evgo.com,https://www.evgo.com/cities/
https://www.geniepoint.co.uk,https://www.geniepoint.co.uk/ds/publicmap
https://blinkcharging.com,https://blinkcharging.com/drivers/pricing/
https://www.nrcan.gc.ca,https://www.nrcan.gc.ca/energy-efficiency/energy-efficiency-transportation-and-alternative-fuels/electric-charging-alternative-fuelling-stationslocator-map/20487
https://www.theverge.com,https://www.theverge.com/2018/10/16/17983986/google-maps-electric-car-charging-tesla-superchargers/
https://www.fleetnews.co.uk,https://www.fleetnews.co.uk/news/latest-fleet-news/electric-fleet-news/2021/01/05/zap-map-ranks-uk-s-ev-charging-networks
https://play.google.com,https://play.google.com/store/apps/details?id=com.zapmap.zapmap&hl=en_US&gl=US
https://apps.apple.com,https://apps.apple.com/gb/app/zap-map-ev-charging-in-the-uk/id964082746
https://energyoffice.colorado.gov,https://energyoffice.colorado.gov/zero-emission-vehicles/electric-vehicle-fast-charging-corridors
https://plugstar.com,https://plugstar.com/charging-map
electrifyatlanta.com,http://electrifyatlanta.com/EVSE-map.pdf
https://www.chademo.com,https://www.chademo.com/about-us/fast-charger-maps/
https://concordma.gov,https://concordma.gov/2342/EV-Charging-Stations-Map
solvingev.com,http://solvingev.com/charging-stations/zip/70125-new-orleans-la
https://www.tn.gov,https://www.tn.gov/environment/program-areas/energy/state-energy-office--seo-/programs-projects/programs-and-projects/sustainable-transportation-and-alternative-fuels/sustainable-transportation-and-alternative-fuels/transportation-electrification-in-tennessee/tdec-and-tva-moa.html
https://www.consumerreports.org,https://www.consumerreports.org/hybrids-evs/electric-car-charging-network-is-expanding/
https://francis.energy,https://francis.energy/
https://blinknetwork.com,https://blinknetwork.com/blinkMap.html
https://www.hkelectric.com,https://www.hkelectric.com/en/smart-power-services/ev-charging-solution/location-map
https://portal.ct.gov,https://portal.ct.gov/DEEP/Air/Mobile-Sources/EVConnecticut/EVConnecticut---Home
https://www.paturnpike.com,https://www.paturnpike.com/travel/electric.aspx
https://www.engadget.com,https://www.engadget.com/2019-12-15-google-maps-ev-charging-station-filters.html
https://play.google.com,https://play.google.com/store/apps/details?id=com.crosschasm.evchargerlocator&hl=en&gl=US
https://acceleratekootenays.ca,https://acceleratekootenays.ca/charging-station-map/
www.evchargernews.com,http://www.evchargernews.com/
https://esb.ie,https://esb.ie/ecars/charge-point-map
https://electrek.co,https://electrek.co/2021/03/18/rivian-reveals-map-planned-fast-charging-stations-wall-charger/
https://mymotorgaadi.com,https://mymotorgaadi.com/google-maps-to-show-ev-charging-stations/
https://www.oki.org,https://www.oki.org/portfolio-items/ev-charging-station-locator-map/
https://www.blog.google,https://www.blog.google/products/maps/get-charged-google-maps/
https://www.journeys.nzta.govt.nz,https://www.journeys.nzta.govt.nz/ev-chargers/
https://www.visitarizona.com,https://www.visitarizona.com/plan/tips/electric-cars/
https://www.goultralow.com,https://www.goultralow.com/ev-owners/charging/
https://www.motoringelectric.com,https://www.motoringelectric.com/charging/how-find-nearest-tesco-electric-charging-point/
https://dot.ca.gov,https://dot.ca.gov/programs/equipment/electric-vehicle-charging-stations
https://pod-point.com,https://pod-point.com/solutions/driver/network
https://apps.apple.com,https://apps.apple.com/us/app/plugshare/id421788217
https://opendata.maryland.gov,https://opendata.maryland.gov/Energy-and-Environment/Map-of-Baltimore-Electric-Vehicle-Charging-Station/3wyx-dqhu
https://play.google.com,https://play.google.com/store/apps/details?id=com.hytechpro.pluginindia&hl=en_US&gl=US
www.evcharging.co.za,http://www.evcharging.co.za/
https://www.futurecar.com,https://www.futurecar.com/4616/Italy-Fines-Google-for-Excluding-the-%E2%80%98JuicePass%E2%80%99-EV-Charging-App-From-Android-Auto
www.oeva.org,http://www.oeva.org/resources/charging/
https://www.evmeter.com,https://www.evmeter.com/applications/
https://thenextweb.com,https://thenextweb.com/news/electric-vehicle-charging-connectors-uk-30000-zap-map-ev
https://corporate.walmart.com,https://corporate.walmart.com/newsroom/2019/06/06/electrify-america-walmart-announce-completion-of-over-120-charging-stations-at-walmart-stores-nationwide-with-plans-for-further-expansion
https://maps.london.gov.uk,https://maps.london.gov.uk/ev-chargepoints/
https://electriccarsreport.com,https://electriccarsreport.com/charging-map/
https://insideevs.com,https://insideevs.com/news/496929/ionity-new-chargers-all-locations/
https://mibiz.com,https://mibiz.com/sections/energy/electric-vehicle-study-maps-optimal-statewide-charging-network
https://www.fdacs.gov,https://www.fdacs.gov/ezs3download/download/95682/2638040/Media/Files/Energy-Files/EV-Roadmap-Report/EV_ROADMAP_REPORT_2020.pdf
https://ev.pse.com,https://ev.pse.com/
https://www.nissanusa.com,https://www.nissanusa.com/interactivebrochures/electric-hybrid-cars/leaf/leaf-charging/index.html
https://www.nbpower.com,https://www.nbpower.com/en/products-services/electric-vehicles/charge-your-ev/
https://www.charging.gr,https://www.charging.gr/
https://www.thruway.ny.gov,https://www.thruway.ny.gov/travelers/travelplazas/electric-vehicles.html
https://techcrunch.com,https://techcrunch.com/2020/06/22/apple-maps-gets-electric-vehicle-routing-to-find-ev-chargers/
https://www.gov.uk,https://www.gov.uk/government/statistics/electric-vehicle-charging-device-statistics-january-2021
https://charge.net.nz,https://charge.net.nz/map/
www.chargehotels.com,http://www.chargehotels.com/
https://elbil.no,https://elbil.no/the-ultimate-ev-tourist-guide-to-norway/
https://thenextweb.com,https://thenextweb.com/news/guide-to-electric-vehicle-charging-what-is-ccs-combined-charging-system-chademo
https://ev.pge.com,https://ev.pge.com/charging-stations/
https://support.shell.com,https://support.shell.com/hc/en-gb/articles/115005909309-Where-can-I-find-my-nearest-Shell-Recharge-location-
solvingev.com,http://solvingev.com/charging-stations/zip/84790-saint-george-ut
https://support.google.com,https://support.google.com/maps/thread/3202631/how-can-i-add-ev-charging-stations-to-google-maps?hl=en
https://apps.apple.com,https://apps.apple.com/us/app/chargesmith-ev-charging-map/id1406644867
https://www.toyota.com,https://www.toyota.com/priusprime/charging/
https://energypolicy.columbia.edu,https://energypolicy.columbia.edu/sites/default/files/file-uploads/EV_ChargingChina-CGEP_Report_Final.pdf
https://ev.tatamotors.com,https://ev.tatamotors.com/charging-locator/
https://www.chevybolt.org,https://www.chevybolt.org/threads/charge-station-maps.28146/
https://network.bppulse.co.uk,https://network.bppulse.co.uk/
https://www.shell.co.uk,https://www.shell.co.uk/motorist/ev-charging.html
https://www.journeys.nzta.govt.nz,https://www.journeys.nzta.govt.nz/ev-chargers-list-view/
https://ionity.eu,https://ionity.eu/
https://electricautonomy.ca,https://electricautonomy.ca/2020/03/02/canadas-ev-charging-networks-2020/
https://thedriven.io,https://thedriven.io/2018/10/17/google-is-adding-ev-charging-maps-to-iphone-and-android-app/
https://pod-point.com,https://pod-point.com/rollout/lidl-ev-charging
https://blinkcharging.com,https://blinkcharging.com/corporate/contact/
https://easygo.ie,https://easygo.ie/
https://venturebeat.com,https://venturebeat.com/2019/04/23/google-maps-will-now-show-real-time-availability-of-charging-stations-for-electric-cars/
https://www.carmagazine.co.uk,https://www.carmagazine.co.uk/electric/electric-car-charging-points/
https://www.steerev.com,https://www.steerev.com/best-electric-car-apps/
https://www.evgo.com,https://www.evgo.com/download-app/
https://www.bmwblog.com,https://www.bmwblog.com/2020/03/08/best-mobile-apps-for-electric-vehicles-owners/
https://www.chargepoint.com,https://www.chargepoint.com/drivers/mobile/
https://www.yourmechanic.com,https://www.yourmechanic.com/article/top-4-ev-charging-station-apps
https://www.makeuseof.com,https://www.makeuseof.com/tag/smartphone-apps-electric-car/
https://earth911.com,https://earth911.com/eco-tech/3-must-have-apps-for-locating-electric-vehicle-charging-stations/
https://monta.app,https://monta.app/
https://abetterrouteplanner.com,https://abetterrouteplanner.com/
https://apps.apple.com,https://apps.apple.com/us/app/charge-app-ev-charging/id1485946405
https://evloop.app,https://evloop.app/
https://ev.energy,https://ev.energy/solutions/app/
https://play.google.com,https://play.google.com/store/apps/details?id=com.vector.evcharge&hl=en&gl=US
https://www.zap-map.com,https://www.zap-map.com/app/
https://www.xongolab.com,https://www.xongolab.com/electric-vehicle-charger-app-solutions/
https://www.myev.com,https://www.myev.com/research/buyers-sellers-advice/best-smartphone-apps-for-ev-owners
https://whywelikethis.com,https://whywelikethis.com/top-7-best-ev-charging-apps/
https://driivz.com,https://driivz.com/blog/ev-charging-app/
https://www.emizentech.com,https://www.emizentech.com/blog/how-to-develop-an-electric-vehicle-charging-station-finder-app.html
https://ev.energy,https://ev.energy/
https://www.speakev.com,https://www.speakev.com/threads/mg-zs-ev-charging-app.152672/
https://play.google.com,https://play.google.com/store/apps/details?id=com.crosschasm.evchargerlocator&hl=en_US&gl=US
https://www.coruscatesolution.com,https://www.coruscatesolution.com/build-ev-charging-station-app-like-chargepoint/
https://www.bosch.com,https://www.bosch.com/stories/ev-charging-station-app/
https://eeveemobility.com,https://eeveemobility.com/
https://www.carsguide.com.au,https://www.carsguide.com.au/ev/advice/ev-charging-apps-the-top-5-electric-car-apps-for-owners-82913
https://evcs.co,https://evcs.co/services/charging-app/
https://evcharging.enelx.com,https://evcharging.enelx.com/eu/residential/juicepass
https://www.kbb.com,https://www.kbb.com/car-advice/ev-charging-stations/
https://www.evconnect.com,https://www.evconnect.com/driver-app
https://www.fleeteurope.com,https://www.fleeteurope.com/en/new-energies/europe/features/5-apps-finding-ev-charging-stations?a=API07&t%5B0%5D=EV&t%5B1%5D=PlugShare&t%5B2%5D=Chargepoint&t%5B3%5D=NextCharge&t%5B4%5D=Chargemap&t%5B5%5D=Greenlots&curl=1
https://chargehub.com,https://chargehub.com/en/chargehub-mobile-app.html
https://evolutionevnetwork.com,https://evolutionevnetwork.com/
https://www.coruscatesolution.com,https://www.coruscatesolution.com/best-ev-charging-station-app-development/
https://hackaday.com,https://hackaday.com/2021/04/06/open-source-electric-vehicle-charging/
https://www.motorbiscuit.com,https://www.motorbiscuit.com/electric-vehicle-charging-evpassport-best-charging-app/
https://www.evehicletechnology.com,https://www.evehicletechnology.com/news/community-ev-charging/
https://insideevs.com,https://insideevs.com/news/492055/electrify-america-releases-new-mobile-app/
https://9to5mac.com,https://9to5mac.com/2021/05/13/best-carplay-apps-for-iphone/
https://thenextweb.com,https://thenextweb.com/news/chargepoints-app-for-locating-ev-juicing-spots-arrives-on-android-auto
https://swtchenergy.com,https://swtchenergy.com/
https://electrek.co,https://electrek.co/2021/03/09/chargepoint-and-polestar-team-up-for-in-car-charging-app/
https://www.behance.net,https://www.behance.net/gallery/101803901/EV-Charging-App
https://pod-point.com,https://pod-point.com/products/driver/app
https://www.eocharging.com,https://www.eocharging.com/destination-charging
https://newmotion.com,https://newmotion.com/en-gb/support/faq/ev-charging-app-faq-uk
https://www.autoevolution.com,https://www.autoevolution.com/news/one-more-ev-charging-app-announces-support-for-apple-carplay-160872.html
https://www.speakev.com,https://www.speakev.com/threads/ev-charging-apps.157922/
https://www.greenflux.com,https://www.greenflux.com/ev-charging-software/charge-assist-app/
https://www.charzer.com,https://www.charzer.com/
https://www.charzer.com,https://www.charzer.com/charzer-app
https://shahnatapp.com,https://shahnatapp.com/
https://www.vector.co.nz,https://www.vector.co.nz/personal/ev-charging
https://electricvehicles.in,https://electricvehicles.in/ev-charging-stations-mobile-apps-in-india/
https://corporate.enelx.com,https://corporate.enelx.com/en/our-offer/electric-mobility/ev-charging-services
https://www.cnet.com,https://www.cnet.com/roadshow/news/android-auto-rolling-out-calendar-navigation-ev-charging-apps/
https://www.autonews.com,https://www.autonews.com/article/20160506/BLOG06/160509909/charging-apps-tackle-china-s-ev-infrastructure-challenge
https://www.youtube.com,https://www.youtube.com/watch?v=GlsF91A0f0I
https://www.evgo.com,https://www.evgo.com/bmw-charging/
https://www.emizentech.com,https://www.emizentech.com/blog/ev-charging-station-network-providers-in-india.html
https://company.plugshare.com,https://company.plugshare.com/plugshare.html
https://carge.co,https://carge.co/
https://www.iamaniseh.com,https://www.iamaniseh.com/home/the-top-5-charging-apps-for-electric-vehicle-owners-in-canada
https://chargehub.com,https://chargehub.com/en/utilities/EV-charging-management-system.html
https://www.ampeco.global,https://www.ampeco.global/
https://www.flexcharging.com,https://www.flexcharging.com/
https://evercharge.net,https://evercharge.net/
https://web.ecarup.com,https://web.ecarup.com/en/ev-charging-app/
https://www.chargelab.co,https://www.chargelab.co/app
https://appsource.microsoft.com,https://appsource.microsoft.com/en-us/product/web-apps/abb-3963258.ev-charging-infrastructure-solutions
https://www.centricabusinesssolutions.com,https://www.centricabusinesssolutions.com/energy-solutions/products/electric-vehicles/ev-charger-management-and-driver-app
https://evbloom.com,https://evbloom.com/
https://www.torquenews.com,https://www.torquenews.com/5477/good-ev-charger-map-app-and-free-charging
https://enrg.io,https://enrg.io/7-apps-for-finding-ev-charging-stations/
https://drivetricity.com,https://drivetricity.com/
https://www.bristolstreet.co.uk,https://www.bristolstreet.co.uk/news/top-free-apps-for-evhybrid-charging-points/
https://forums.tesla.com,https://forums.tesla.com/discussion/163232/best-ev-charging-app
https://www.tatvasoft.com,https://www.tatvasoft.com/portfolio/ev-charging-stations-app/
https://co-charger.com,https://co-charger.com/
https://www.greencarreports.com,https://www.greencarreports.com/news/1132100_ev-charging-networks-and-automakers-all-want-you-to-use-their-apps-while-you-drive
https://www.app.com.pk,https://www.app.com.pk/global/dea-rnl-technologies-sign-mou-to-establish-ev-charging-stations-in-pakistan/
https://www.autoevolution.com,https://www.autoevolution.com/news/top-ev-charging-app-getting-android-auto-support-151445.html
https://ospreycharging.co.uk,https://ospreycharging.co.uk/
https://www.engadget.com,https://www.engadget.com/2020-02-20-gm-mychevrolet-app-energy-assist-update.html
https://www.engadget.com,https://www.engadget.com/2011-04-21-ecotality-announces-blink-mobile-ev-charging-app.html
https://www.novacharge.net,https://www.novacharge.net/electric-vehicle-ev-charging-stations-novacharge-blog/
https://www.transport.nsw.gov.au,https://www.transport.nsw.gov.au/projects/electric-vehicles/charging-an-electric-vehicle
https://www.forbes.com,https://www.forbes.com/sites/prakashdolsak/2021/05/05/the-lack-of-ev-charging-stations-could-limit-ev-growth/
https://www.boxt.co.uk,https://www.boxt.co.uk/electric-car-charging/guides/what-is-the-best-ev-charging-app
https://www.fox21news.com,https://www.fox21news.com/video/new-ev-charging-initiative-begins-in-colorado-springs/6625996/
https://getbauen.com,https://getbauen.com/
https://www.nissanusa.com,https://www.nissanusa.com/connect/features-apps/nissan-connect-ev.html
https://andersen-ev.com,https://andersen-ev.com/products/smart-charging/
https://www.reddit.com,https://www.reddit.com/user/arjunsingh1111/comments/mrb0uq/why_do_you_need_a_charging_app_to_charge_your_ev/
https://www.greencarreports.com,https://www.greencarreports.com/news/1132114_wrangler-4xe-lift-gm-mexico-investment-charging-apps-today-s-car-news
https://knowtechie.com,https://knowtechie.com/android-auto-will-soon-see-a-lot-more-navigation-and-ev-charging-apps-on-the-play-store/
https://www.esbenergy.co.uk,https://www.esbenergy.co.uk/ev
https://www.wattsup.app,https://www.wattsup.app/
https://cleantechnica.com,https://cleantechnica.com/2020/02/20/gm-enhances-energy-assist-features-of-its-mychevrolet-mobile-app/
https://www.autoguide.com,https://www.autoguide.com/top-10-best-home-ev-chargers
https://www.autoexpress.co.uk,https://www.autoexpress.co.uk/news/352089/best-chargepoint-providers-2020
https://www.chargeyourcar.org.uk,https://www.chargeyourcar.org.uk/
https://www.cnet.com,https://www.cnet.com/roadshow/news/polestar-chargepoint-in-car-app-partnership/
https://electriccarsreport.com,https://electriccarsreport.com/2021/03/electrify-america-introduces-fully-redesigned-mobile-app-for-effortless-public-and-home-ev-charging/
https://www.chargefox.com,https://www.chargefox.com/
https://www.techrepublic.com,https://www.techrepublic.com/article/electric-vehicle-company-announces-first-open-charging-platform/
https://electrek.co,https://electrek.co/2020/06/30/evpassport-wants-to-provide-39-mo-unlimited-charging-on-major-ev-charger-networks/
https://www.eurelectric.org,https://www.eurelectric.org/stories/consumers/juice-pass-ev-charging-app/
https://nextwavemobileapps.com,https://nextwavemobileapps.com/2019/09/free-ev-charging/
https://www.electricmiles.io,https://www.electricmiles.io/
https://www.eocharging.com,https://www.eocharging.com/
https://www.greenflux.com,https://www.greenflux.com/ev-charging-software/
https://www.autoexpress.co.uk,https://www.autoexpress.co.uk/car-tech/electric-cars/96638/electric-car-charging-in-the-uk-prices-networks-charger-types-and-top
https://www.duke-energy.com,https://www.duke-energy.com/energy-education/energy-savings-and-efficiency/electric-vehicles/charging-your-ev/charging-on-the-road
https://www.solaredge.com,https://www.solaredge.com/us/products/ev-charger/activation-and-configuration
https://www.motorbiscuit.com,https://www.motorbiscuit.com/how-use-ev-charging-stations/
https://www.rolecserv.com,https://www.rolecserv.com/home-charging
https://esb.ie,https://esb.ie/ecars/ecars
https://www.news10.com,https://www.news10.com/news/local-news/city-of-albany-expanding-ev-charging-network-new-stations-announced/
https://semaconnect.com,https://semaconnect.com/products/smart-network/
https://new.abb.com,https://new.abb.com/news/detail/71458/abb-and-chargelab-partner-for-networked-ev-charging-solutions
https://www.gilbarco.com,https://www.gilbarco.com/us/products/ev-charging-management
https://patch.com,https://patch.com/maryland/annapolis/electric-vehicle-charging-stations-announced-annapolis
https://www.evrus.net,https://www.evrus.net/app.html
https://ecobnb.com,https://ecobnb.com/blog/2020/01/apps-travelling-electric-car/
https://www.electrifyamerica.com,https://www.electrifyamerica.com/mobile-app/
evgateway.com,http://evgateway.com/
https://evcs.co,https://evcs.co/
https://www.bonnetelectric.com,https://www.bonnetelectric.com/
https://semaconnect.com,https://semaconnect.com/resources/faq/
https://chargefinder.com,https://chargefinder.com/
https://www.centrica.com,https://www.centrica.com/centrica-electric-vehicle-services
https://www.thedrive.com,https://www.thedrive.com/tech/27839/vws-electrify-america-launches-new-app-to-help-ev-drivers-find-pay-for-charging
https://pestech-international.com,https://pestech-international.com/solution/ev-charging-infrastructure
https://cleantechnica.com,https://cleantechnica.com/2020/06/16/bosch-says-its-new-app-will-solve-ev-charging-nightmare/
https://www.parking-net.com,https://www.parking-net.com/parking-news/easypark-group/electric-car-charging-with-incharge-app
https://sepapower.org,https://sepapower.org/knowledge/ev-managed-charging-lessons-from-utility-pilot-programs/
zeoncharging.com,http://zeoncharging.com/
https://www.baynews9.com,https://www.baynews9.com/fl/tampa/technology/2021/05/06/startup-company-chargerhelp--keeps-ev-charging-stations-working-with-new-app
https://www.volkswagen.co.uk,https://www.volkswagen.co.uk/electric/charging-and-range/charging-apps
https://www.plugincars.com,https://www.plugincars.com/how-to-use-plugshare-guide.html
https://arstechnica.com,https://arstechnica.com/cars/2020/11/chargepoints-charging-app-now-works-with-apple-carplay/
https://business.ingenico.com,https://business.ingenico.com/worldline/easy-ev
https://www.besen-group.com,https://www.besen-group.com/ev-charging-station/ev-charging-station-wall/1-3-phase-ev-charging-station-app-control.html
https://ev.engie.co.uk,https://ev.engie.co.uk/
https://www.openloop.co.nz,https://www.openloop.co.nz/
https://www.ccv.eu,https://www.ccv.eu/ev-charging-payment-solutions/mobile-payments/
https://blokt.com,https://blokt.com/news/how-to-build-an-ev-charging-app-on-the-high-mobility-platform-using-iota
https://www.chevrolet.com,https://www.chevrolet.com/electric/bolt-ev
https://www.foxla.com,https://www.foxla.com/news/two-women-develop-on-demand-repair-app-for-ev-charging-stations
https://www.eonenergy.com,https://www.eonenergy.com/eon-drive-ev-charging.html
https://easee-international.com,https://easee-international.com/uk/
https://smartcharging-electricvehicles.medium.com,https://smartcharging-electricvehicles.medium.com/how-to-send-ev-charging-profiles-to-your-open-charge-point-protocol-ocpp-charging-station-58687e4eeafe
https://www.defa.com,https://www.defa.com/ev-charging/cloudcharge/
https://www.amazon.com,https://www.amazon.com/Blink-Electric-Vehicle-Charger-Charging/dp/B00IOT4RSA
https://www.leadingthecharge.org.nz,https://www.leadingthecharge.org.nz/charging-sites
https://www.autoconnectedcar.com,https://www.autoconnectedcar.com/2021/04/chpt-integrates-ev-charging-with-android-auto/
https://telanganatoday.com,https://telanganatoday.com/hyderabad-based-rikarica-develops-mobile-app-to-spot-ev-charging-stations
https://www.iphoneincanada.ca,https://www.iphoneincanada.ca/deals/rbc-rewards-offers-free-ev-charging-for-1-year-at-petro-canada/
https://www.amazon.com,https://www.amazon.com/Charging-220v-240v-Electric-Compatible-Vehicles/dp/B07Z7N6QZX
https://www.msn.com,https://www.msn.com/en-us/autos/news/plug-and-charge-simplifies-ev-charging/ar-BB1celNL
https://www.kia.com,https://www.kia.com/us/en/ev-faqs
https://qz.com,https://qz.com/1651133/chinas-didi-ant-financial-set-to-compete-on-ev-charging/
https://emc-mec.ca,https://emc-mec.ca/ev-101/charging-maps/
https://www.chargefox.com,https://www.chargefox.com/network/
https://beamforall.com,https://beamforall.com/
https://ev.xcelenergy.com,https://ev.xcelenergy.com/ev-charging-programs/
https://www.businessinsider.com,https://www.businessinsider.com/charge-electric-car-while-driving-technology-cornell-2021-5?op=1
https://www.peco.com,https://www.peco.com/SmartEnergy/InnovationTechnology/Pages/ElectricVehiclesL3.aspx
https://www.coned.com,https://www.coned.com/en/our-energy-future/technology-innovation/electric-vehicles
https://apps.leg.wa.gov,https://apps.leg.wa.gov/WAC/default.aspx?cite=51-50-0427
https://www.epa.gov,https://www.epa.gov/greenvehicles/plug-electric-vehicle-charging
https://www.leviton.com,https://www.leviton.com/en/products/brands/evrgreen
https://getelectricvehicle.com,https://getelectricvehicle.com/vehicle-to-vehicle-charging/
https://andersen-ev.com,https://andersen-ev.com/charging-academy/what-power-do-i-need-to-charge-my-electric-vehicle/
https://afdc.energy.gov,https://afdc.energy.gov/fuels/electricity_infrastructure.html
https://www.tempoautomation.com,https://www.tempoautomation.com/blog/understanding-the-charging-standards-for-electric-vehicles/
https://www.chargepoint.com,https://www.chargepoint.com/products/commercial/
https://insideevs.com,https://insideevs.com/news/category/charging/
https://www.techradar.com,https://www.techradar.com/news/wireless-electric-vehicle-charging
https://www.treehugger.com,https://www.treehugger.com/how-set-public-electric-vehicle-charging-station-fast-charging-edition-4858583
https://www.pge.com,https://www.pge.com/en_US/residential/solar-and-vehicles/options/clean-vehicles/electric/electric.page
https://www.nytimes.com,https://www.nytimes.com/article/electric-vehicle-ev-buying-guide.html
https://www.oregon.gov,https://www.oregon.gov/ODOT/Programs/Pages/Electric-Vehicles.aspx
https://energysavingtrust.org.uk,https://energysavingtrust.org.uk/advice/charging-electric-vehicles/
https://www.sjsu.edu,https://www.sjsu.edu/parking/help/electric-vehicle-charging/
https://www.prnewswire.com,https://www.prnewswire.com/news-releases/electric-vehicle-charging-cables-market-set-to-boom-in-coming-years-says-ps-intelligence-301288215.html
https://energycenter.org,https://energycenter.org/sites/default/files/docs/nav/programs/pev-planning/san-diego/fact-sheets/ResComm%20EVSE%20Permit%20Guidelines%20v3_Final_attach.pdf
https://www.energy.gov,https://www.energy.gov/eere/vehicles/downloads/guide-federal-funding-financing-and-technical-assistance-plug-electric
www.seattle.gov,http://www.seattle.gov/city-light/residential-services/home-energy-solutions/electric-vehicles
https://www.prnewswire.com,https://www.prnewswire.com/news-releases/electric-vehicle-charging-infrastructure-market-size-to-reach-revenues-of-over-usd-14-billion-by-2026--arizton-301288711.html
https://electricvehicles.bchydro.com,https://electricvehicles.bchydro.com/charge
https://www.transportation.ucla.edu,https://www.transportation.ucla.edu/campus-parking/electric-vehicle-charging-stations
https://ev.dteenergy.com,https://ev.dteenergy.com/vehicles/
https://www.cityandguilds.com,https://www.cityandguilds.com/qualifications-and-apprenticeships/building-services-industry/electrical-installation/2919-electric-vehicle-charging
https://uk.indeed.com,https://uk.indeed.com/Electric-Vehicle-Charging-jobs
https://www.gov.uk,https://www.gov.uk/cma-cases/electric-vehicle-charging-market-study
https://www.dezeen.com,https://www.dezeen.com/2021/05/14/recharge-la-woods-bagot-electric-vehicle-carging-station/
https://www.mckinsey.com,https://www.mckinsey.com/business-functions/sustainability/our-insights/charging-electric-vehicle-fleets-how-to-seize-the-emerging-opportunity
https://thenextweb.com,https://thenextweb.com/news/ev-battery-basics-kw-kwh-electric-vehicle-charging-lingo
https://www.pse.com,https://www.pse.com/pages/electric-cars
https://www.nvenergy.com,https://www.nvenergy.com/cleanenergy/electric-vehicles/charging
https://meticulousblog.org,https://meticulousblog.org/top-10-companies-in-electric-vehicle-charging-stations-market/
https://www.bge.com,https://www.bge.com/SmartEnergy/InnovationTechnology/Pages/ElectricVehicles.aspx
https://www.businessinsider.com,https://www.businessinsider.com/electric-car-owners-switching-gas-charging-a-hassle-study-2021-4?op=1
https://auto.howstuffworks.com,https://auto.howstuffworks.com/electric-car5.htm
https://www.bv.com,https://www.bv.com/industries/transportation/electric-vehicle-charging
https://www.drivegreen.nj.gov,https://www.drivegreen.nj.gov/plugin.html
https://www.nvenergy.com,https://www.nvenergy.com/cleanenergy/electric-vehicles
https://www.srpnet.com,https://www.srpnet.com/prices/home/electricvehicle.aspx
https://www.tep.com,https://www.tep.com/electric-vehicles/
https://www.globenewswire.com,https://www.globenewswire.com/news-release/2021/02/10/2173212/0/en/Global-Electric-Vehicle-Charging-Station-Market-2020-to-2027-EV-Charging-Stations-Powered-by-Renewable-Sources-Presents-Opportunities.html
https://www.theguardian.com,https://www.theguardian.com/technology/2019/may/30/electric-vehicle-drivers-at-risk-by-charging-from-home-mains-supply
https://help.meijer.com,https://help.meijer.com/s/article/Can-I-charge-my-electric-vehicle-at-Meijer
https://duquesnelight.com,https://duquesnelight.com/energy-money-savings/electric-vehicles
https://www.drivespark.com,https://www.drivespark.com/off-beat/low-cost-ac-charging-port-for-electric-vehicles-to-be-installed-across-india-details-034171.html
https://nlhydro.com,https://nlhydro.com/electricvehicles/
https://www.timesherald.com,https://www.timesherald.com/news/limerick-mulls-electric-vehicle-charging-station/article_ae3540b7-ae6b-5a4f-b692-c1a3ba92e351.html
https://portal.ct.gov,https://portal.ct.gov/DEEP/Air/Mobile-Sources/EVConnecticut/EVConnecticut---Incentives
https://electrical.theiet.org,https://electrical.theiet.org/wiring-matters/years/2020/80-may-2020/the-iet-code-of-practice-for-electric-vehicle-charging-equipment-installation-4th-edition/
https://www.midamericanenergy.com,https://www.midamericanenergy.com/electric-vehicle-fast-charging-network
https://www.myeasternshoremd.com,https://www.myeasternshoremd.com/dorchester_star/community/news/delmarva-power-adds-electric-vehicle-charging-stations/article_9539f377-06e1-55f8-89ef-d00709720969.html
https://businessportal.ca.gov,https://businessportal.ca.gov/wp-content/uploads/2019/07/GoBIZ-EVCharging-Guidebook.pdf
https://www.gov.uk,https://www.gov.uk/government/publications/customer-guidance-electric-vehicle-homecharge-scheme/electric-vehicle-homecharge-scheme-guidance-for-customers
https://bcarparking.com,https://bcarparking.com/policies/electric-vehicle-parking-charging-policy
https://www.freep.com,https://www.freep.com/story/money/cars/mark-phelan/2020/11/28/electric-cars-wireless-charging-pads/6428778002/
https://procarreviews.com,https://procarreviews.com/best-ev-charger/
https://www.pge.com,https://www.pge.com/en_US/residential/rate-plans/rate-plan-options/electric-vehicle-base-plan/electric-vehicle-base-plan.page
https://www.aepohio.com,https://www.aepohio.com/save/business/ElectricVehicles/default.aspx
https://www.simplyhired.com,https://www.simplyhired.com/search?q=electric+vehicle+charging+station
https://www.cars.com,https://www.cars.com/articles/public-electric-car-charging-how-you-pay-1420663189756/
https://cleanvehiclegrants.org,https://cleanvehiclegrants.org/charging-stations/
https://enrg.io,https://enrg.io/charging-electric-vehicle-costs-vs-gas-costs-annually/
https://www.usf.edu,https://www.usf.edu/administrative-services/parking/parking/ev-charging-stations.aspx
https://www.whichcar.com.au,https://www.whichcar.com.au/car-advice/fastest-charging-electric-vehicles
https://www.academia.edu,https://www.academia.edu/Documents/in/Electric_Vehicle_Charging
https://markets.businessinsider.com,https://markets.businessinsider.com/news/stocks/charge-electric-car-while-driving-technology-cornell-2021-5-1030405543?op=1
https://www.treasurer.ca.gov,https://www.treasurer.ca.gov/cpcfa/calcap/evcs/index.asp
https://www.cleveland.com,https://www.cleveland.com/community/2021/05/lakewood-parlays-grant-money-into-four-new-electric-vehicle-charging-stations.html
https://www.nytimes.com,https://www.nytimes.com/2021/01/29/climate/gm-electric-cars-power-grid.html
https://www.virta.global,https://www.virta.global/smart-charging
https://dccelectric.com,https://dccelectric.com/
https://saportareport.com,https://saportareport.com/electric-vehicle-charging-company-to-open-north-american-headquarters-in-atlanta/sections/reports/johnruch/
https://circuitdigest.com,https://circuitdigest.com/article/wireless-electric-vehicle-charging-systems
https://www.duke-energy.com,https://www.duke-energy.com/energy-education/energy-savings-and-efficiency/electric-vehicles/ev-initiatives
https://www.efficiencymaine.com,https://www.efficiencymaine.com/evehicles/charging-station-locator/
https://www.essexvehiclecharging.com,https://www.essexvehiclecharging.com/
https://cstoredecisions.com,https://cstoredecisions.com/2021/05/10/wawa-announces-50th-electric-vehicle-charging-site/
mrsc.org,http://mrsc.org/Home/Explore-Topics/Environment/Energy-Topics/Planning-for-Electric-Vehicles.aspx
https://www.northwestern.edu,https://www.northwestern.edu/transportation-parking/evanston-parking/policies/electric-vehicle-charging.html
https://franchiseinfo.in,https://franchiseinfo.in/tata-power-electric-vehicle-charging-station/
https://www.process.st,https://www.process.st/checklist/electrical-inspection-checklist-electric-vehicle-charging-equipment/
https://gov.wales,https://gov.wales/sites/default/files/consultations/2020-12/electric-vehicle-charging-strategy-consultation-document.pdf
https://www.uswitch.com,https://www.uswitch.com/energy-saving/guides/electric-cars-and-energy-bills/
https://www.mynrma.com.au,https://www.mynrma.com.au/cars-and-driving/electric-vehicles
https://www.condoauthorityontario.ca,https://www.condoauthorityontario.ca/resources/electric-vehicle-charging-station-regulations/
https://myelectriccar.com.au,https://myelectriccar.com.au/charge-stations-in-australia/
https://garagetransformed.com,https://garagetransformed.com/electric-car-outlet/
https://www.myev.com,https://www.myev.com/research/ev-101/what-it-costs-to-charge-an-electric-vehicle
https://projects.iq.harvard.edu,https://projects.iq.harvard.edu/files/energyconsortium/files/rwp18-026_lee_1.pdf
https://www.fairfaxcounty.gov,https://www.fairfaxcounty.gov/landdevelopment/electric-vehicle-charging-stations
https://www.chargepoint.com,https://www.chargepoint.com/incentives/commercial/
www.virginiaev.org,http://www.virginiaev.org/
https://evbox.com,https://evbox.com/en/
https://myenergi.com,https://myenergi.com/product/zappi/
https://www.cnet.com,https://www.cnet.com/roadshow/news/electric-vehicle-freedom-act-ev-chargers-ocasio-cortez-levin/
https://www.benderinc.com,https://www.benderinc.com/solutions/electric-vehicles/charging-stations-evse
https://www.energyandcapital.com,https://www.energyandcapital.com/articles/top-10-electric-vehicle-charging-companies/72668
https://www.fleetcarma.com,https://www.fleetcarma.com/soon-wireless-electric-vehicle-charging-coming/
https://forums.mikeholt.com,https://forums.mikeholt.com/threads/electric-vehicle-charging-stations-demand-factors.91520/
https://week.com,https://week.com/2021/05/12/new-signs-for-electric-vehicle-charging-stations-coming-to-illinois-interstates/
https://cleantechnica.com,https://cleantechnica.com/2020/02/24/electric-car-charging-solutions-continue-to-evolve/
https://www.baltimorecountymd.gov,https://www.baltimorecountymd.gov/county-news/2021/03/01/olszewski-bge-announce-28-new-electric-vehicle-charging-stations-across-baltimore-county
https://www.sdge.com,https://www.sdge.com/residential/pricing-plans/about-our-pricing-plans/electric-vehicle-plans
https://psegpoweringprogress.com,https://psegpoweringprogress.com/electric-vehicles/
https://www.insidehook.com,https://www.insidehook.com/article/vehicles/is-american-infrastructure-ready-for-electric-vehicle-future
www.seattle.gov,http://www.seattle.gov/transportation/projects-and-programs/programs/new-mobility-program/electric-vehicle-charging-in-the-public-right-of-way
https://clippercreek.com,https://clippercreek.com/different-plug-types/
https://www.dgs.ca.gov,https://www.dgs.ca.gov/-/media/Divisions/BSC/03-Rulemaking/18MonthCodeAdoption/2018-Triennial-Cycle/2018-CAC-Review/Green-code-advisory-commitee/Pt-11-HCD-6-18/CARB_Technical_Cost_Analysis_3_19_18_EV.ashx?la=en&hash=93647675A11A5073B124A8B3B5B795F97F6B77CC
https://www.cnbc.com,https://www.cnbc.com/2021/01/25/cramer-favors-evbox-among-spac-deals-for-electric-vehicle-charging-station-companies.html
https://www.eocharging.com,https://www.eocharging.com/commercial-charging
https://www.evchargesolutions.com,https://www.evchargesolutions.com/
https://futurism.com,https://futurism.com/the-byte/vandals-are-stuffing-meat-into-electric-vehicle-charging-stations
https://www.utilitydive.com,https://www.utilitydive.com/news/2021-outlook-the-future-of-electric-vehicle-charging-is-bidirectional-bu/592957/
https://www.icc.illinois.gov,https://www.icc.illinois.gov/authority/electric-vehicle-charging-station-installer
https://www.niceic.com,https://www.niceic.com/contractor/training/electrical-courses/electric-vehicle-charging-course
https://www.ohioturnpike.org,https://www.ohioturnpike.org/travelers/service-plazas/electric-vehicle-charging
https://finance.yahoo.com,https://finance.yahoo.com/news/electric-vehicle-charging-infrastructure-market-180000020.html
https://dor.wa.gov,https://dor.wa.gov/content/electric-vehicle-infrastructure-charging-stations-batteries-and-fuel-cells-salesuse-tax-exemption-leasehold-tax-exemption
https://www.nwsolar.com,https://www.nwsolar.com/electric-vehicle-charging
https://www.energycodes.gov,https://www.energycodes.gov/sites/default/files/documents/NECC19_D2S5_Owens.pdf
https://www.ikea.com,https://www.ikea.com/gb/en/customer-service/prepare-for-your-visit-pub1e6151b1
https://investorplace.com,https://investorplace.com/2021/05/chpt-stock-trouble-keeping-up/
https://map.openchargemap.io,https://map.openchargemap.io/
https://evstationslocal.com,https://evstationslocal.com/states/south-dakota/
https://matadornetwork.com,https://matadornetwork.com/read/driving-across-country-electric-vehicle/
https://toka.energy,https://toka.energy/en/chargemap/
https://www.driveelectricnd.com,https://www.driveelectricnd.com/charging-station-map/
https://owner.ford.com,https://owner.ford.com/support/how-tos/ev/where-are-ford-electric-vehicle-charging-stations-located.html
https://en.otonomhaber.com,https://en.otonomhaber.com/electric-vehicle-charging-map-electric-vehicle-charging-stations/
https://parking.illinois.edu,https://parking.illinois.edu/campus-parking/electric-vehicle-charging
https://charge.coop,https://charge.coop/
https://pluginamerica.org,https://pluginamerica.org/why-go-plug-in/state-federal-incentives/
https://www.chelanpud.org,https://www.chelanpud.org/environment/electric-vehicles
https://pluginbc.ca,https://pluginbc.ca/charging/finding-stations/
https://owner.ford.com,https://owner.ford.com/support/how-tos/ev/electric-vehicle-charging.html
https://www.seattleeva.org,https://www.seattleeva.org/wp/electric-car-charging-networks-maps/
https://www.reliant.com,https://www.reliant.com/en/residential/electricity/renewable-energy/electric-vehicles/houston-ev-charging-map.jsp
https://www.tesla.com,https://www.tesla.com/supercharger
https://www.brooklinema.gov,https://www.brooklinema.gov/1460/Electric-Vehicle-Charging
https://transportation.psu.edu,https://transportation.psu.edu/ev
https://en.wikipedia.org,https://en.wikipedia.org/wiki/Electric_vehicle_charging_network
https://www.drivezero.com.au,https://www.drivezero.com.au/electric-car-charging-stations/
https://meticulousbplans.com,https://meticulousbplans.com/product/electric-vehicle-charging-stations/
solvingev.com,http://solvingev.com/charging-stations/zip/44124-cleveland-oh
solvingev.com,http://solvingev.com/charging-stations/zip/98816-chelan-wa
https://voltacharging.com,https://voltacharging.com/
https://support.google.com,https://support.google.com/maps/answer/9773205?hl=en
https://www.enelx.com,https://www.enelx.com/it/en/electric-mobility/charging-stations-map
www.cityoftacoma.org,http://www.cityoftacoma.org/government/city_departments/environmentalservices/office_of_environmental_policy_and_sustainability/green_living_map_and_resources/transportation/electric_vehicles
https://www.energybillkill.com,https://www.energybillkill.com/electric-vehicle-charging-map/
https://www.thefabricator.com,https://www.thefabricator.com/stampingjournal/news/electricvehicles/putting-electric-vehicle-charging-stations-on-the-map
https://energysolutions.seattle.gov,https://energysolutions.seattle.gov/wp-content/uploads/Public_EV_Charging_FAQ_Handout.pdf
https://charge.net.nz,https://charge.net.nz/
https://www.calgary.ca,https://www.calgary.ca/transportation/tp/strategy/electric-vehicle-strategy.html
https://www.pts.umn.edu,https://www.pts.umn.edu/park/electricvehicle
https://adeca.alabama.gov,https://adeca.alabama.gov/electric-vehicle-charging-infrastructure-program/
https://greendream.biz,https://greendream.biz/2013/02/electric-vehicle-charging-station-map-for-nevada/
https://bouldercolorado.gov,https://bouldercolorado.gov/public-works/electric-vehicles-and-charging-stations
https://dnr.mo.gov,https://dnr.mo.gov/env/apcp/vw/docs/cat8-electric-vehicle-charging-stations.pdf
https://www.currentvehicles.com,https://www.currentvehicles.com/charging-network
https://www.cityofrochester.gov,https://www.cityofrochester.gov/evcharging/
https://www.wisconsinpublicservice.com,https://www.wisconsinpublicservice.com/environment/electric-vehicles/charging-vehicle
https://www.drivingelectric.com,https://www.drivingelectric.com/your-questions-answered/51/how-find-electric-car-charging-points-zap-map
https://www.nrel.gov,https://www.nrel.gov/about/ev-charging-stations.html
https://www.sust-it.net,https://www.sust-it.net/vehicles-charging-stations.php
https://pats.unm.edu,https://pats.unm.edu/parking/electric-vehicle-charging.html
www.dot.state.mn.us,http://www.dot.state.mn.us/sustainability/docs/mn-ev-vision.pdf
https://wsdot.wa.gov,https://wsdot.wa.gov/business/innovative-partnerships/zero-emission-vehicle-infrastructure-partnerships
https://www.caa.ca,https://www.caa.ca/sustainability/electric-vehicles/
https://www.bakersfield.com,https://www.bakersfield.com/news/bakersfield-looks-to-add-30-electric-vehicle-charging-stations-throughout-city/article_b4a0cdb4-a22a-11eb-9cf4-c73267a32dd6.html
https://www.fleetcarma.com,https://www.fleetcarma.com/electric-vehicle-charging-2016-maps/
https://data.ny.gov,https://data.ny.gov/Energy-Environment/Electric-Vehicle-Charging-Stations-in-New-York/7rrd-248n
https://www.eenews.net,https://www.eenews.net/stories/1063726475
https://assets.publishing.service.gov.uk,https://assets.publishing.service.gov.uk/government/uploads/system/uploads/attachment_data/file/959366/electric-vehicle-charging-device-statistics-january-2021.pdf
https://www.nspower.ca,https://www.nspower.ca/your-home/energy-products/electric-vehicles
https://moz.com,https://moz.com/blog/electric-vehicle-charging-station-local-seo
https://data.ca.gov,https://data.ca.gov/showcase/arfvtp-electric-vehicle-charging-stations
https://instavolt.co.uk,https://instavolt.co.uk/find-electric-vehicle-charge-point-map/
https://taps.ucdavis.edu,https://taps.ucdavis.edu/parking/ev
www.dot.state.mn.us,http://www.dot.state.mn.us/sustainability/electric-vehicle-dashboard.html
https://apnews.com,https://apnews.com/7b5bdd15b7b6b71da69e7633c898b711
https://www.bbc.co.uk,https://www.bbc.co.uk/news/business-55941244
https://traveloregon.com,https://traveloregon.com/things-to-do/trip-ideas/electric-vehicle-trips/oregon-electric-byways/
https://www.youtube.com,https://www.youtube.com/watch?v=FQeQeu5i8DU
https://assets.publishing.service.gov.uk,https://assets.publishing.service.gov.uk/government/uploads/system/uploads/attachment_data/file/907742/electric-vehicle-charging-device-statistics-july-2020.pdf
https://www.manisteenews.com,https://www.manisteenews.com/local-news/article/Manistee-sees-amended-grant-for-electric-vehicle-16163435.php
https://austinenergy.com,https://austinenergy.com/ae/green-power/plug-in-austin/home-charging
https://corporate.walmart.com,https://corporate.walmart.com/media-library/document/ev-charging-stations-u-s-map/_proxyDocument?id=0000016b-ae23-dfef-abeb-ae270ee80000
https://data.cityoftacoma.org,https://data.cityoftacoma.org/Environment-and-Sustainability/Electric-Vehicle-Charging-Stations-Map/up46-585v/data
https://www.map-strategies.com,https://www.map-strategies.com/blog/2020/4/28/new-electric-vehicle-charging-infrastructure-rules
https://www.electrifying.com,https://www.electrifying.com/blog/knowledge-hub/10-charging-facts-that-every-electric-car-owner-should-know
https://www.montgomerycountymd.gov,https://www.montgomerycountymd.gov/dot-parking/ElectricVehicle.html
https://storymaps.arcgis.com,https://storymaps.arcgis.com/stories/893861f4258244e4bedb5f0bc375aff8
https://www.itweb.co.za,https://www.itweb.co.za/content/WnxpE74DJQR7V8XL
https://www.researchgate.net,https://www.researchgate.net/publication/350115560_Technology_Intelligence_Map_Fast_Charging_for_Electric_Vehicles
https://toka.energy,https://toka.energy/en/chargemap/kharkiv/
westcoastgreenhighway.com,http://westcoastgreenhighway.com/electrichighway.htm
https://www.qld.gov.au,https://www.qld.gov.au/transport/projects/electricvehicles/about/map
https://evduniya.com,https://evduniya.com/ev-global/different-types-of-charging-stations-for-electric-vehicles-level.html
https://transportation.stanford.edu,https://transportation.stanford.edu/parking/about-parking-permits
https://transportation.ucr.edu,https://transportation.ucr.edu/electric-vehicle-charging
https://www.aa.co.nz,https://www.aa.co.nz/cars/owning-a-car/electric-vehicles-charging-stations/
https://www.dgs.ca.gov,https://www.dgs.ca.gov/PD/Resources/Find-EPP-Goods-and-Services/Transportation/Electric-Vehicle-Charging-Stations
https://cleantechnica.com,https://cleantechnica.com/2016/04/21/1923-manhattan-ev-charging-station-map-impressive/
https://www.parkitdowntown.com,https://www.parkitdowntown.com/maps/interactive-map/electric-car-charging
https://www.climatecentral.org,https://www.climatecentral.org/news/us-designates-electric-vehicle-charging-corridors-20842
https://transportation.umd.edu,https://transportation.umd.edu/sustainable-transportation/electric-vehicle-charging
https://transportation.stanford.edu,https://transportation.stanford.edu/faq-about-electric-vehicle-charging-stanford
https://www.naperville.il.us,https://www.naperville.il.us/services/electric-utility/powering-our-community-for-the-future/electric-vehicle-charging-systems/
https://www.ema.gov.sg,https://www.ema.gov.sg/Electric_Vehicle_Charging_Systems.aspx
https://www.sciencedirect.com,https://www.sciencedirect.com/science/article/pii/S2214629618306285
www.westcoastgreenhighway.com,http://www.westcoastgreenhighway.com/WAelectrichighways.htm
https://apps.apple.com,https://apps.apple.com/us/app/jolt-electric-vehicle-charging/id1536466079
https://play.google.com,https://play.google.com/store/apps/details?id=com.evnotify.app&hl=en_US&gl=US
https://evobsession.com,https://evobsession.com/mobile-apps-for-electric-cars-on-the-rise/
https://evcglobal.in,https://evcglobal.in/
https://play.google.com,https://play.google.com/store/apps/details?id=net.vonforst.evmap&hl=en_US&gl=US
https://touch-station.com,https://touch-station.com/en
https://owner.ford.com,https://owner.ford.com/fordpass/fordpass-electric-vehicle-features-overview.html
https://www.cityofirvine.org,https://www.cityofirvine.org/community-development/electric-vehicle-charging-station-evcs-permit-application
https://wecharg.com,https://wecharg.com/about-us/
https://link.springer.com,https://link.springer.com/article/10.1007/s10458-020-09484-5
https://www.naperville.il.us,https://www.naperville.il.us/globalassets/media/projects/electric/2021-electric-vehicle-charging-station-rebate-application.pdf
https://www.oppd.com,https://www.oppd.com/residential/products-services/electric-vehicle-ev-rebate-program/
https://www.pse.com,https://www.pse.com/pages/electric-cars/charging-with-pse
https://www.eocharging.com,https://www.eocharging.com/app-privacy-policy
https://www.evmatch.com,https://www.evmatch.com/
https://docs.nppd.com,https://docs.nppd.com/EVChargerApplication.pdf
https://support.shell.com,https://support.shell.com/hc/en-gb/categories/115000358011-Electric-Charging
https://www.globenewswire.com,https://www.globenewswire.com/news-release/2021/05/11/2226959/0/en/Wireless-Electric-Vehicle-EV-Charging-Systems-Market-Worth-827-03-million-by-2027-Growing-at-a-CAGR-of-53-1-From-2020-Exclusive-Report-by-Meticulous-Research.html
https://www.nyserda.ny.gov,https://www.nyserda.ny.gov/All-Programs/Programs/ChargeNY/Charge-Electric
https://www.smart.com,https://www.smart.com/gb/en/drive-electric/charge
https://www.globenewswire.com,https://www.globenewswire.com/news-release/2021/04/28/2218790/0/en/Wireless-Electric-Vehicle-EV-Charging-Market-Grows-at-41-35-of-Huge-CAGR-by-Forecast-2028-Industry-Trends-Revenue-Business-Strategies-With-Top-Leaders-Like-Continental-Qualcomm-TOY.html
https://www.fool.com,https://www.fool.com/investing/2021/04/22/an-investors-look-at-the-electric-vehicle-charging/
https://manometcurrent.com,https://manometcurrent.com/electric-vehicle-charging-station-market-2021-share-top-manufacturers-electric-vehicle-dc-charging-station-market-size-segmentation-types-application-technology-trends-and-forecasts-to-2027/
https://chargeplacescotland.org,https://chargeplacescotland.org/live-map/
https://www.condoauthorityontario.ca,https://www.condoauthorityontario.ca/resources/electric-vehicle-charging-station-regulations/electric-vehicle-charging-station-templates/
https://www.amazon.com,https://www.amazon.com/ChargePoint-Enabled-Electric-Vehicle-Charger/dp/B07228K6PX
https://www.ktvq.com,https://www.ktvq.com/news/local-news/new-electric-vehicle-chargers-unveiled-in-downtown-billings
https://www.siliconvalleypower.com,https://www.siliconvalleypower.com/sustainability/electric-vehicles/electric-vehicle-charging-station-rebate
https://www.juicebox.fit,https://www.juicebox.fit/
https://www.forbes.com,https://www.forbes.com/sites/jeffkart/2018/10/24/charging-an-electric-vehicle-with-sparkcharge-as-easy-as-ordering-a-pizza/
https://www.eversource.com,https://www.eversource.com/content/docs/default-source/save-money-energy/electric-vehicle-make-ready-application.pdf?sfvrsn=85cdcd62_2
https://blog.bosch-si.com,https://blog.bosch-si.com/mobility/electric-vehicle-charging-apps/
https://www.nyserda.ny.gov,https://www.nyserda.ny.gov/All-Programs/Programs/ChargeNY/Charge-Electric/Charging-Station-Programs/Charge-Ready-NY
https://autos.yahoo.com,https://autos.yahoo.com/news/electric-car-road-trips-prepared-charging-apps-realism-120930740.html
https://www.vector.co.nz,https://www.vector.co.nz/
https://www.amazon.com,https://www.amazon.com/ChargePoint-Home-Electric-Vehicle-Charger/dp/B07WXZDHGV
https://evway.net,https://evway.net/en/app/
https://www.enelx.com,https://www.enelx.com/ro/en/news-and-media/press/Enel-X-Romania-launches-the-new-version-of-JuicePass-electric-vehicle-charging-app
https://www.electrify-canada.ca,https://www.electrify-canada.ca/
https://on.to,https://on.to/
https://www.eversource.com,https://www.eversource.com/content/ema-c/residential/save-money-energy/explore-alternatives/electric-vehicles/charging-stations/enrollment-process
https://electricvehicles.bchydro.com,https://electricvehicles.bchydro.com/bc-hydro-ev-mobile-app
https://electricvehicles.in,https://electricvehicles.in/one-delhi-app-will-now-locate-ev-charging-stations-too/
https://www.pepco.com,https://www.pepco.com/SmartEnergy/InnovationTechnology/Pages/ElectricVehicleProgramMD.aspx
www.libertyplugins.com,http://www.libertyplugins.com/
https://patch.com,https://patch.com/new-jersey/berkeley-nj/electric-vehicle-charging-station-be-installed-berkeley
https://electricvehicles.bchydro.com,https://electricvehicles.bchydro.com/incentives/charger-rebates
https://www.chugachelectric.com,https://www.chugachelectric.com/energy-solutions/electric-vehicles
https://leginfo.legislature.ca.gov,https://leginfo.legislature.ca.gov/faces/billNavClient.xhtml?bill_id=202120220AB970
https://finance.yahoo.com,https://finance.yahoo.com/news/global-electric-vehicle-ev-fast-112500595.html
https://www.smgov.net,https://www.smgov.net/Departments/OSE/Categories/Transportation/Electric_Vehicles.aspx
https://enrg.io,https://enrg.io/where-are-electric-charging-stations-available/
https://www.wwlp.com,https://www.wwlp.com/news/massachusetts/electric-vehicle-charging-stations-expanding-nationwide/
https://hevopower.com,https://hevopower.com/
https://rikarica.com,https://rikarica.com/
https://greenlots.com,https://greenlots.com/
https://www.dakotaelectric.com,https://www.dakotaelectric.com/member-services/programs-rebates/for-your-home/electric-vehicle-charging/
https://www.thestar.com,https://www.thestar.com/news/canada/2021/05/03/bruce-county-to-be-part-of-electric-vehicle-charging-station-network.html
https://evcharging.enelx.com,https://evcharging.enelx.com/eu
https://www.nhec.com,https://www.nhec.com/drive-electric/
https://www.myev.com,https://www.myev.com/research/ev-101/how-and-where-can-i-charge-my-electric-vehicle
https://github.com,https://github.com/sourcecodere/WattsNearby
https://www.costco.com,https://www.costco.com/juicebox-40-amp-electric-vehicle-charging-station-with-nema%2c-20-ft-cable.product.100574926.html
https://www.mahindraelectric.com,https://www.mahindraelectric.com/mobility-solutions/nemo-life-customer-app
https://www.duke-energy.com,https://www.duke-energy.com/energy-education/energy-savings-and-efficiency/electric-vehicles/charging-your-ev
https://thepointsguy.com,https://thepointsguy.com/guide/electric-car-road-trip-guide/
https://www.nppd.com,https://www.nppd.com/incentives/electric-vehicle-chargepoint-charging-station
https://smartchargeamerica.com,https://smartchargeamerica.com/install/home-electric-car-charging-station/
https://fox4kc.com,https://fox4kc.com/news/kansas-first-solar-powered-electric-vehicle-charging-stations-arrive-in-olathe/
https://www.grandviewresearch.com,https://www.grandviewresearch.com/industry-analysis/us-electric-vehicle-charging-infrastructure-evci-market
https://www.naperville.il.us,https://www.naperville.il.us/globalassets/media/projects/electric/2020-electric-vehicle-charging-station-application---updated.pdf
https://earth911.com,https://earth911.com/eco-tech/how-to-charge-an-electric-vehicle-on-the-road/
https://gis.dep.pa.gov,https://gis.dep.pa.gov/DrivingPAForward/pdfs/Level%202%20EV%20Charging%20Rebate%20Program%20Guidelines%20CY2018.pdf
https://njcleanenergy.com,https://njcleanenergy.com/ev
getelectric.com.au,http://getelectric.com.au/
leginfo.legislature.ca.gov,http://leginfo.legislature.ca.gov/faces/billNavClient.xhtml?bill_id=202120220AB970
https://www.app.com,https://www.app.com/story/opinion/columnists/2020/02/17/pallone-bill-electric-vehicle-charging-stations/4779084002/
https://www.davis-stirling.com,https://www.davis-stirling.com/HOME/Statutes/Civil-Code-4745
https://www.nppd.com,https://www.nppd.com/save-money/incentives-programs
https://www.midamericanenergy.com,https://www.midamericanenergy.com/media/pdf/dcfastchargerhostapplication.pdf
https://www.motorbiscuit.com,https://www.motorbiscuit.com/5-biggest-problems-electric-vehicle-charging/
https://www.southwire.com,https://www.southwire.com/industries/automotive-and-electric-vehicles
https://www.mass.gov,https://www.mass.gov/how-to/apply-for-massevip-fleets-incentives
https://southernpd.com,https://southernpd.com/wp-content/uploads/EVandChargingStationApplication2020.pdf
https://www.nationalgridus.com,https://www.nationalgridus.com/media/pdfs/bus-ways-to-save/cm7175-ev-application_ma-fillable.pdf
https://evsellc.com,https://evsellc.com/
https://www.bec.energy,https://www.bec.energy/?lang=en
https://download.schneider-electric.com,https://download.schneider-electric.com/files?p_enDocType=Brochure&p_File_Name=EVLMSAPPSH_EN+%28web%29.pdf&p_Doc_Ref=EVlink_LMS_Applisheet
https://maidstone.gov.uk,https://maidstone.gov.uk/home/primary-services/parking-and-streets/primary-areas/electric-vehicles
https://www.premierinn.com,https://www.premierinn.com/gb/en/why/electric-charging.html#!
https://www.blackhillsenergy.com,https://www.blackhillsenergy.com/efficiency-and-savings/ready-ev/electric-vehicle-charging-rebate
https://jolt.com.au,https://jolt.com.au/
https://www.nationalgridus.com,https://www.nationalgridus.com/MA-Business/Energy-Saving-Programs/Electric-Vehicle-Charging-Station-Program
https://www.choice.com.au,https://www.choice.com.au/transport/cars/eco-friendly/articles/charging-electric-cars
https://www.teslarati.com,https://www.teslarati.com/tesla-nio-mobile-charging-services-china/
https://m.economictimes.com,https://m.economictimes.com/industry/auto/auto-news/ev-charging-stations-business-open-to-individuals/articleshow/66548847.cms
https://www.gov.uk,https://www.gov.uk/government/collections/government-grants-for-low-emission-vehicles
https://www.jdpower.com,https://www.jdpower.com/business/press-releases/2021-us-electric-vehicle-experience-evx-home-charging-study
https://www.rockymountainpower.net,https://www.rockymountainpower.net/savings-energy-choices/electric-vehicles/utah-incentives.html
https://arstechnica.com,https://arstechnica.com/cars/2019/05/inside-electrify-americas-plan-to-simplify-electric-car-charging/
https://www.channelnewsasia.com,https://www.channelnewsasia.com/news/singapore/electric-vehicle-charging-points-hdb-carparks-8-towns-14326528
https://www.marketindustryreports.com,https://www.marketindustryreports.com/electric-vehicle-charging-infrastructure-market/277
https://www.mankatofreepress.com,https://www.mankatofreepress.com/news/local_news/local-electric-vehicle-market-charging-ahead/article_70595432-9951-11eb-8829-6f51402891f4.html
https://leginfo.legislature.ca.gov,https://leginfo.legislature.ca.gov/faces/billTextClient.xhtml?bill_id=201920200AB2168
https://www.statista.com,https://www.statista.com/statistics/993121/china-public-electric-vehicle-charging-station-number/
https://www.gvec.org,https://www.gvec.org/electric/electric-vehicles-2/
https://www.irs.gov,https://www.irs.gov/credits-deductions/individuals/plug-in-electric-drive-vehicle-credit-section-30d
https://deq.utah.gov,https://deq.utah.gov/air-quality/workplace-electric-vehicle-charging-funding-assistance-program
https://arena.gov.au,https://arena.gov.au/renewable-energy/electric-vehicles/
https://rh.gatech.edu,https://rh.gatech.edu/news/636116/what-do-electric-vehicle-drivers-think-charging-network-they-use
https://www.motoringresearch.com,https://www.motoringresearch.com/car-news/best-ev-charging-networks-2019/
https://thehill.com,https://thehill.com/blogs/congress-blog/energy-environment/540223-we-need-to-address-the-electric-vehicle-charging
https://electricenergyonline.com,https://electricenergyonline.com/article/energy/category/ev-storage/143/886252/chargepoint-and-polestar-team-up-to-transform-the-future-of-vehicle-ownership-revolutionary-seamless-in-car-charging-app-.html
https://www.statista.com,https://www.statista.com/statistics/1135216/china-most-popular-mobile-charging-app-functions-among-electric-car-users/
https://www.fortunebusinessinsights.com,https://www.fortunebusinessinsights.com/electric-vehicle-ev-charging-stations-market-102058
https://afdc.energy.gov,https://afdc.energy.gov/files/u/publication/electric_vehicle_infrastructure_trends_first_quarter_2020.pdf
https://www.mccourier.com,https://www.mccourier.com/global-electric-vehicle-fast-charging-system-market-2021-production-and-revenue-abb-advanced-vehicle-manufacturing-blink-charging/
https://www.theautochannel.com,https://www.theautochannel.com/news/2021/05/10/996220-global-wireless-electric-vehicle-ev-charging-systems-dwcs-swcs-markets.html
https://www.phoenixvillenews.com,https://www.phoenixvillenews.com/limerick-mulls-electric-vehicle-charging-station/article_e29a27d4-37fa-5dcd-abb6-b59bc22f058b.html
